INSERT INTO users VALUES
('3010570A053PN5', 'Комаров', 'Александр', 'Васильевич'),
('3020570A053PN5', 'Птичкина', 'Юлия', 'Семеновна'),
('3030570A053PN5', 'Глушаков', 'Иван', 'Иванович'),
('3040570A053PN5', 'Марсов', 'Петр', 'Ильич'),
('3050570A053PN5', 'Громкая', 'Настасья', 'Владимировна'),
('3060570A053PN5', 'Мадонна', 'Наталья', null),
('3070570A053PN5', 'Бессмертный', 'Кащей', null),
('3080570A053PN5', 'Воронов', 'Олег', 'Васильевич'),
('3090570A053PN5', 'Панишкин', 'Дмитрий', 'Алексеевич'),
('3100570A053PN5', 'Кольт', 'Максим', 'Петрович'),
('3110570A053PN5', 'Орлова', 'Ирина', 'Васильевна'),
('3120570A053PN5', 'Бонд', 'Джеймс', null),
('3130570A053PN5', 'Мамина', 'Маргарита', 'Петровна'),
('3140570A053PN5', 'Клыков', 'Дмитрий', 'Иванович'),
('3150570A053PN5', 'Иванов', 'Петр', 'Сергеевич'),
('3160570A053PN5', 'Розовая', 'Надежда', 'Петровна'),
('3170570A053PN5', 'Быстрицкий', 'Павел', 'Мванович'),
('3180570A053PN5', 'Талькова', 'Ольга', 'Николаевна'),
('3190570A053PN5', 'Мокрова', 'Мрина', 'Васильевна'),
('3200570A053PN5', 'Шарков', 'Александр', 'Мванович'),
('3210570A053PN5', 'Носков', 'Александр', 'Георгиквич'),
('3220870A053PN5', 'Гринко', 'Иван', 'Петрович');

INSERT INTO banks VALUES
('CLXX', 'Clever-Bank'),
('BEXX', 'Beta Bank'),
('GAXX', 'Gamma Bank'),
('SP7X', 'Sport Bank'),
('EMUB', 'Elon Musk Bank'),
('GR7B', 'Groshik Bank'),
('ODBB', 'One Day Bank');

INSERT INTO accounts VALUES
('BY07 CLXX 3012 0000 3220 0000 0001', 'CLXX', '3010570A053PN5', 'BYN', '2023-02-10 16:59:31', '1200'),
('BY07 CLXX 3012 0000 3220 0000 0002', 'CLXX', '3020570A053PN5', 'USD', '2023-02-15 16:59:31', '476'),
('BY07 CLXX 3012 0000 3220 0000 0003', 'CLXX', '3010570A053PN5', 'BYN', '2023-03-14 16:59:31', '875'),
('BY07 CLXX 3012 0000 3220 0000 0004', 'CLXX', '3010570A053PN5', 'EUR', '2023-04-09 16:59:31', '6854'),
('BY07 CLXX 3012 0000 3220 0000 0005', 'CLXX', '3050570A053PN5', 'USD', '2023-05-04 16:59:31', '25784'),
('BY07 CLXX 3012 0000 3220 0000 0006', 'CLXX', '3060570A053PN5', 'BYN', '2023-06-15 16:59:31', '658'),
('BY07 CLXX 3012 0000 3220 0000 0007', 'CLXX', '3070570A053PN5', 'RUR', '2023-07-26 16:59:31', '5248'),
('BY07 BEXX 3012 0000 3220 0000 0008', 'BEXX', '3080570A053PN5', 'USD', '2023-08-24 16:59:31', '7854'),
('BY07 BEXX 3012 0000 3220 0000 0009', 'BEXX', '3090570A053PN5', 'EUR', '2023-01-19 16:59:31', '6854'),
('BY07 BEXX 3012 0000 3220 0000 0010', 'BEXX', '3100570A053PN5', 'BYN', '2023-02-26 16:59:31', '524'),

('BY07 BEXX 3012 0000 3220 0000 0011', 'BEXX', '3110570A053PN5', 'BYN', '2023-03-10 16:59:31', '8456'),
('BY07 BEXX 3012 0000 3220 0000 0012', 'BEXX', '3120570A053PN5', 'BYN', '2023-04-30 16:59:31', '5842'),
('BY07 GAXX 3012 0000 3220 0000 0013', 'GAXX', '3130570A053PN5', 'USD', '2023-05-08 16:59:31', '6854'),
('BY07 GAXX 3012 0000 3220 0000 0014', 'GAXX', '3140570A053PN5', 'EUR', '2023-06-11 16:59:31', '9854'),
('BY07 GAXX 3012 0000 3220 0000 0015', 'GAXX', '3150570A053PN5', 'BYN', '2023-07-23 16:59:31', '1224'),
('BY07 GAXX 3012 0000 3220 0000 0016', 'GAXX', '3160570A053PN5', 'RUR', '2023-08-15 16:59:31', '5745'),
('BY07 GAXX 3012 0000 3220 0000 0017', 'GAXX', '3170570A053PN5', 'USD', '2023-09-02 16:59:31', '9852'),
('BY07 GAXX 3012 0000 3220 0000 0018', 'GAXX', '3180570A053PN5', 'EUR', '2023-01-22 16:59:31', '2584'),
('BY07 SP7X 3012 0000 3220 0000 0019', 'SP7X', '3070570A053PN5', 'BYN', '2023-02-07 16:59:31', '7541'),
('BY07 SP7X 3012 0000 3220 0000 0020', 'SP7X', '3070570A053PN5', 'USD', '2023-03-09 16:59:31', '5784'),

('BY07 SP7X 3012 0000 3220 0000 0021', 'SP7X', '3070570A053PN5', 'BYN', '2023-04-05 16:59:31', '25466'),
('BY07 SP7X 3012 0000 3220 0000 0022', 'SP7X', '3020570A053PN5', 'EUR', '2023-05-01 16:59:31', '1455'),
('BY07 SP7X 3012 0000 3220 0000 0023', 'SP7X', '3030570A053PN5', 'BYN', '2023-06-01 16:59:31', '12477'),
('BY07 SP7X 3012 0000 3220 0000 0024', 'SP7X', '3040570A053PN5', 'USD', '2023-07-07 16:59:31', '36511'),
('BY07 EMUB 3012 0000 3220 0000 0025', 'EMUB', '3050570A053PN5', 'EUR', '2023-08-01 16:59:31', '2574'),
('BY07 EMUB 3012 0000 3220 0000 0026', 'EMUB', '3060570A053PN5', 'RUR', '2023-09-01 16:59:31', '98565'),
('BY07 EMUB 3012 0000 3220 0000 0027', 'EMUB', '3070570A053PN5', 'BYN', '2023-01-03 16:59:31', '6523'),
('BY07 EMUB 3012 0000 3220 0000 0028', 'EMUB', '3080570A053PN5', 'USD', '2023-02-03 16:59:31', '5845'),
('BY07 EMUB 3012 0000 3220 0000 0029', 'EMUB', '3090570A053PN5', 'EUR', '2023-03-03 16:59:31', '2345'),
('BY07 EMUB 3012 0000 3220 0000 0030', 'EMUB', '3100570A053PN5', 'BYN', '2023-04-03 16:59:31', '6854'),

('BY07 GR7B 3012 0000 3220 0000 0031', 'GR7B', '3110570A053PN5', 'BYN', '2023-05-03 16:59:31', '9512'),
('BY07 GR7B 3012 0000 3220 0000 0032', 'GR7B', '3120570A053PN5', 'BYN', '2023-06-03 16:59:31', '78542'),
('BY07 GR7B 3012 0000 3220 0000 0033', 'GR7B', '3130570A053PN5', 'USD', '2023-07-03 16:59:31', '6852'),
('BY07 GR7B 3012 0000 3220 0000 0034', 'GR7B', '3140570A053PN5', 'BYN', '2023-08-03 16:59:31', '4852'),
('BY07 GR7B 3012 0000 3220 0000 0035', 'GR7B', '3150570A053PN5', 'EUR', '2023-09-03 16:49:31', '3254'),
('BY07 ODBB 3012 0000 3220 0000 0036', 'ODBB', '3160570A053PN5', 'BYN', '2023-02-02 16:59:31', '6578'),
('BY07 ODBB 3012 0000 3220 0000 0037', 'ODBB', '3170570A053PN5', 'USD', '2023-08-02 16:59:31', '5248'),
('BY07 ODBB 3012 0000 3220 0000 0038', 'ODBB', '3180570A053PN5', 'BYN', '2023-01-18 16:59:31', '9825'),
('BY07 ODBB 3012 0000 3220 0000 0039', 'ODBB', '3190570A053PN5', 'EUR', '2023-04-15 16:59:31', '2563'),
('BY07 ODBB 3012 0000 3220 0000 0040', 'ODBB', '3200570A053PN5', 'RUR', '2023-04-08 16:59:31', '8457'),

('BY07 ODBB 3012 0000 3220 0000 0041', 'ODBB', '3210570A053PN5', 'USD', '2023-03-21 16:59:31', '2565'),
('BY07 ODBB 3012 0000 3220 0000 0042', 'ODBB', '3220870A053PN5', 'BYN', '2023-07-12 16:59:31', '12080');
